storage technology,tmax (Â°c),hrmin (%),variety,storage time (days),grain impurities (%),initial total damage (%),final total damage  (%)
polypropylene bag with micronized lime,23.08486504279131,30.877057274522713,Hybrid,182,0.34664200246642,9.682637069626372,9.739026097390251
polypropylene bag,21.21481153255347,39.311632990665245,Hybrid,365,0.34664200246642,9.682637069626372,10.288971102889704
polypropylene bag,21.21481153255347,39.311632990665245,Hybrid,365,0.34664200246642,9.682637069626372,12.266320103968807
polypropylene bag,21.21481153255347,39.311632990665245,Hybrid,365,0.34664200246642,9.682637069626372,9.817054883534936
hermetic metal silo,24.841290322580644,59.357603686635954,Native,185,0.22,11.062333333333326,29.0
hermetic metal silo,24.841290322580644,59.357603686635954,Native,185,0.22,11.062333333333326,20.499999999999993
hermetic metal silo,24.841290322580644,59.357603686635954,Native,185,0.22,11.062333333333326,33.49999999999999
grainpro hermetic supergrainbag farm,24.841290322580644,59.357603686635954,Native,185,0.22,11.062333333333326,27.000000000000007
grainpro hermetic supergrainbag farm,24.841290322580644,59.357603686635954,Native,185,0.22,11.062333333333326,24.999999999999996
grainpro hermetic supergrainbag farm,24.841290322580644,59.357603686635954,Native,185,0.22,11.062333333333326,21.79999999999999
polypropylene bag with aluminum phosphide,31.614354838709676,56.090860215053766,Hybrid,30,0.07998667998667999,4.084948384948399,14.32835820895523
polypropylene bag with aluminum phosphide,31.614354838709676,56.090860215053766,Hybrid,30,0.07998667998667999,4.084948384948399,14.356929212362907
polypropylene bag with micronized lime,31.614354838709676,56.090860215053766,Hybrid,30,0.07998667998667999,4.084948384948399,9.86499517839922
polypropylene bag with micronized lime,31.614354838709676,56.090860215053766,Hybrid,30,0.07998667998667999,4.084948384948399,6.63255813953488
grainpro hermetic supergrainbag farm,31.614354838709676,56.090860215053766,Hybrid,30,0.07998667998667999,4.084948384948399,7.310215557638248
grainpro hermetic supergrainbag farm,31.614354838709676,56.090860215053766,Hybrid,30,0.07998667998667999,4.084948384948399,9.802631578947366
grainpro hermetic supergrainbag farm,31.614354838709676,56.090860215053766,Hybrid,30,0.07998667998667999,4.084948384948399,5.454545454545445
hermetic metal silo,31.614354838709676,56.090860215053766,Hybrid,30,0.07998667998667999,4.084948384948399,4.586241276171492
hermetic metal silo,31.614354838709676,56.090860215053766,Hybrid,30,0.07998667998667999,4.084948384948399,15.029940119760475
hermetic metal silo,31.614354838709676,56.090860215053766,Hybrid,30,0.07998667998667999,4.084948384948399,13.736372646184336
polypropylene bag with aluminum phosphide,30.78236559139785,59.41935483870967,Hybrid,121,0.07998667998667999,4.084948384948399,29.131736526946113
polypropylene bag with aluminum phosphide,30.78236559139785,59.41935483870967,Hybrid,121,0.07998667998667999,4.084948384948399,68.94211576846307
polypropylene bag with aluminum phosphide,30.78236559139785,59.41935483870967,Hybrid,121,0.07998667998667999,4.084948384948399,61.599999999999994
polypropylene bag with micronized lime,30.78236559139785,59.41935483870967,Hybrid,121,0.07998667998667999,4.084948384948399,45.81000000000001
polypropylene bag with micronized lime,30.78236559139785,59.41935483870967,Hybrid,121,0.07998667998667999,4.084948384948399,16.37999999999999
polypropylene bag with micronized lime,30.78236559139785,59.41935483870967,Hybrid,121,0.07998667998667999,4.084948384948399,23.010000000000012
grainpro hermetic supergrainbag farm,30.78236559139785,59.41935483870967,Hybrid,121,0.07998667998667999,4.084948384948399,12.16783216783217
grainpro hermetic supergrainbag farm,30.78236559139785,59.41935483870967,Hybrid,121,0.07998667998667999,4.084948384948399,9.480519480519488
grainpro hermetic supergrainbag farm,30.78236559139785,59.41935483870967,Hybrid,121,0.07998667998667999,4.084948384948399,9.22077922077922
hermetic metal silo,30.78236559139785,59.41935483870967,Hybrid,121,0.07998667998667999,4.084948384948399,16.55
hermetic metal silo,30.78236559139785,59.41935483870967,Hybrid,121,0.07998667998667999,4.084948384948399,7.594810379241507
hermetic metal silo,30.78236559139785,59.41935483870967,Hybrid,121,0.07998667998667999,4.084948384948399,9.080000000000007
polypropylene bag with aluminum phosphide,28.484435483870968,61.12110215053763,Hybrid,210,0.07998667998667999,4.084948384948399,76.35000000000001
polypropylene bag with aluminum phosphide,28.484435483870968,61.12110215053763,Hybrid,210,0.07998667998667999,4.084948384948399,53.17999999999999
polypropylene bag with aluminum phosphide,28.484435483870968,61.12110215053763,Hybrid,210,0.07998667998667999,4.084948384948399,49.86
polypropylene bag with micronized lime,28.484435483870968,61.12110215053763,Hybrid,210,0.07998667998667999,4.084948384948399,32.400000000000006
polypropylene bag with micronized lime,28.484435483870968,61.12110215053763,Hybrid,210,0.07998667998667999,4.084948384948399,16.499999999999996
polypropylene bag with micronized lime,28.484435483870968,61.12110215053763,Hybrid,210,0.07998667998667999,4.084948384948399,26.267465069860293
grainpro hermetic supergrainbag farm,28.484435483870968,61.12110215053763,Hybrid,210,0.07998667998667999,4.084948384948399,9.730000000000006
grainpro hermetic supergrainbag farm,28.484435483870968,61.12110215053763,Hybrid,210,0.07998667998667999,4.084948384948399,10.049999999999994
grainpro hermetic supergrainbag farm,28.484435483870968,61.12110215053763,Hybrid,210,0.07998667998667999,4.084948384948399,8.950000000000003
hermetic metal silo,28.484435483870968,61.12110215053763,Hybrid,210,0.07998667998667999,4.084948384948399,15.32338308457712
hermetic metal silo,28.484435483870968,61.12110215053763,Hybrid,210,0.07998667998667999,4.084948384948399,11.376237623762373
hermetic metal silo,28.484435483870968,61.12110215053763,Hybrid,210,0.07998667998667999,4.084948384948399,15.309999999999999
hermetic metal silo,28.174677419354836,45.95483870967742,Hybrid,30,0.13,2.0499999999999927,2.279999999999999
hermetic metal silo,28.174677419354836,45.95483870967742,Hybrid,30,0.13,2.0499999999999927,2.099999999999998
polypropylene bag with standard lime,28.174677419354836,45.95483870967742,Hybrid,30,0.13,2.0499999999999927,2.9799999999999893
polypropylene bag with standard lime,28.174677419354836,45.95483870967742,Hybrid,30,0.13,2.0499999999999927,2.1600000000000064
hermetic metal silo,26.8458064516129,60.27123655913978,Hybrid,88,0.13,2.0499999999999927,2.3600000000000074
polypropylene bag with standard lime,26.8458064516129,60.27123655913978,Hybrid,88,0.13,2.0499999999999927,2.2500000000000044
polypropylene bag with aluminum phosphide,26.8458064516129,60.27123655913978,Hybrid,88,0.13,2.0499999999999927,2.1999999999999966
polypropylene bag with aluminum phosphide,26.8458064516129,60.27123655913978,Hybrid,88,0.13,2.0499999999999927,2.840000000000001
polypropylene bag with standard lime,26.60772657450077,63.748233486943164,Hybrid,180,0.13,2.0499999999999927,2.660000000000011
polypropylene bag with standard lime,26.60772657450077,63.748233486943164,Hybrid,180,0.13,2.0499999999999927,2.3541147132169673
polypropylene bag with standard lime,26.60772657450077,63.748233486943164,Hybrid,180,0.13,2.0499999999999927,3.4561981819998104
grainpro hermetic supergrainbag farm,26.60772657450077,63.748233486943164,Hybrid,180,0.13,2.0499999999999927,2.179999999999998
grainpro hermetic supergrainbag farm,26.60772657450077,63.748233486943164,Hybrid,180,0.13,2.0499999999999927,2.2200000000000055
polypropylene bag with aluminum phosphide,26.60772657450077,63.748233486943164,Hybrid,180,0.13,2.0499999999999927,16.348746629381797
polypropylene bag with aluminum phosphide,26.60772657450077,63.748233486943164,Hybrid,180,0.13,2.0499999999999927,21.57999999999999
polypropylene bag with aluminum phosphide,26.60772657450077,63.748233486943164,Hybrid,180,0.13,2.0499999999999927,15.299999999999992
polypropylene bag with aluminum phosphide,20.45876344086021,67.88817204301075,Hybrid,30,0.7653333333333334,11.007999999999992,12.484993997599041
grainpro hermetic supergrainbag farm,20.45876344086021,67.88817204301075,Hybrid,30,0.7653333333333334,11.007999999999992,11.54653603918825
hermetic metal silo,20.45876344086021,67.88817204301075,Hybrid,30,0.7653333333333334,11.007999999999992,13.909587680079472
polypropylene bag,21.2683955453149,49.523317972350235,Hybrid,270,0.7653333333333334,11.007999999999992,12.612253043304728
polypropylene bag,21.2683955453149,49.523317972350235,Hybrid,270,0.7653333333333334,11.007999999999992,14.288565156655363
polypropylene bag,21.2683955453149,49.523317972350235,Hybrid,270,0.7653333333333334,11.007999999999992,18.39762611275964
polypropylene bag with aluminum phosphide,21.2683955453149,49.523317972350235,Hybrid,270,0.7653333333333334,11.007999999999992,13.512437810945274
polypropylene bag with aluminum phosphide,21.2683955453149,49.523317972350235,Hybrid,270,0.7653333333333334,11.007999999999992,15.406106565555787
polypropylene bag with aluminum phosphide,21.2683955453149,49.523317972350235,Hybrid,270,0.7653333333333334,11.007999999999992,13.84462151394422
grainpro hermetic supergrainbag farm,21.2683955453149,49.523317972350235,Hybrid,270,0.7653333333333334,11.007999999999992,12.927072927072926
grainpro hermetic supergrainbag farm,21.2683955453149,49.523317972350235,Hybrid,270,0.7653333333333334,11.007999999999992,11.277445109780441
hermetic metal silo,21.2683955453149,49.523317972350235,Hybrid,270,0.7653333333333334,11.007999999999992,14.168665067945632
hermetic metal silo,21.2683955453149,49.523317972350235,Hybrid,270,0.7653333333333334,11.007999999999992,11.608391608391624
polypropylene bag,34.39971486175115,40.94254032258064,Hybrid,203,1.1302384160920438,4.556170714168656,28.005997001499253
polypropylene bag,34.39971486175115,40.94254032258064,Hybrid,203,1.1302384160920438,4.556170714168656,17.284814555633304
polypropylene bag,34.39971486175115,40.94254032258064,Hybrid,203,1.1302384160920438,4.556170714168656,25.44982007197121
polypropylene bag with micronized lime,34.39971486175115,40.94254032258064,Hybrid,203,1.1302384160920438,4.556170714168656,8.657402779166238
polypropylene bag with micronized lime,34.39971486175115,40.94254032258064,Hybrid,203,1.1302384160920438,4.556170714168656,7.798440311937626
polypropylene bag with micronized lime,34.39971486175115,40.94254032258064,Hybrid,203,1.1302384160920438,4.556170714168656,5.425659472422064
grainpro hermetic supergrainbag premium rz with zip,34.39971486175115,40.94254032258064,Hybrid,203,1.1302384160920438,4.556170714168656,5.2663135804936605
grainpro hermetic supergrainbag premium rz with zip,34.39971486175115,40.94254032258064,Hybrid,203,1.1302384160920438,4.556170714168656,5.117441279360326
hermetic metal silo,34.39971486175115,40.94254032258064,Hybrid,203,1.1302384160920438,4.556170714168656,5.316809914051563
polypropylene bag,22.459692780337942,45.53640552995392,Hybrid,186,0.21333333333333335,6.24,9.079999999999997
polypropylene bag,22.459692780337942,45.53640552995392,Hybrid,186,0.21333333333333335,6.24,6.835898460923456
polypropylene bag,22.459692780337942,45.53640552995392,Hybrid,186,0.21333333333333335,6.24,10.655737704918035
polypropylene bag,21.330742053645277,44.86094174642562,Hybrid,365,0.21333333333333335,6.24,76.41415150909454
polypropylene bag,21.330742053645277,44.86094174642562,Hybrid,365,0.21333333333333335,6.24,63.41463414634146
polypropylene bag,21.330742053645277,44.86094174642562,Hybrid,365,0.21333333333333335,6.24,34.6130773845231
hermetic metal silo,21.330742053645277,44.86094174642562,Hybrid,365,0.21333333333333335,6.24,10.733559864081549
hermetic metal silo,21.330742053645277,44.86094174642562,Hybrid,365,0.21333333333333335,6.24,7.4510587295245765
hermetic metal silo,21.330742053645277,44.86094174642562,Hybrid,365,0.21333333333333335,6.24,8.198360327934422
grainpro hermetic supergrainbag premium rz with zip,21.330742053645277,44.86094174642562,Hybrid,365,0.21333333333333335,6.24,28.514297140571884
grainpro hermetic supergrainbag premium rz with zip,21.330742053645277,44.86094174642562,Hybrid,365,0.21333333333333335,6.24,13.914434226309485
grainpro hermetic supergrainbag premium rz with zip,21.330742053645277,44.86094174642562,Hybrid,365,0.21333333333333335,6.24,14.57417033186725
plastic bottle,21.330742053645277,44.86094174642562,Hybrid,365,0.21333333333333335,6.24,10.175929628148738
plastic bottle,21.330742053645277,44.86094174642562,Hybrid,365,0.21333333333333335,6.24,8.799999999999995
plastic bottle,21.330742053645277,44.86094174642562,Hybrid,365,0.21333333333333335,6.24,9.476209516193512
polypropylene bag,25.181182795698927,58.597388632872516,Native,181,0.03332400293232037,10.263975460272475,26.055662188099806
polypropylene bag,25.181182795698927,58.597388632872516,Native,181,0.03332400293232037,10.263975460272475,46.51483368294875
polypropylene bag,25.181182795698927,58.597388632872516,Native,181,0.03332400293232037,10.263975460272475,38.97783374307929
hermetic metal silo,25.181182795698927,58.597388632872516,Native,181,0.03332400293232037,10.263975460272475,48.91665000999401
hermetic metal silo,25.181182795698927,58.597388632872516,Native,181,0.03332400293232037,10.263975460272475,31.45970805838832
hermetic metal silo,25.181182795698927,58.597388632872516,Native,181,0.03332400293232037,10.263975460272475,24.30196070593409
grainpro hermetic supergrainbag premium rz with zip,25.181182795698927,58.597388632872516,Native,181,0.03332400293232037,10.263975460272475,35.58116772866189
grainpro hermetic supergrainbag premium rz with zip,25.181182795698927,58.597388632872516,Native,181,0.03332400293232037,10.263975460272475,35.86606696651674
grainpro hermetic supergrainbag premium rz with zip,25.181182795698927,58.597388632872516,Native,181,0.03332400293232037,10.263975460272475,27.262364258144498
silage plastic bag,32.60639784946237,50.13252688172044,Hybrid,92,0.42570910509371096,10.014653669446082,10.631494804156675
silage plastic bag,32.60639784946237,50.13252688172044,Hybrid,92,0.42570910509371096,10.014653669446082,10.595761695321878
silage plastic bag,32.60639784946237,50.13252688172044,Hybrid,92,0.42570910509371096,10.014653669446082,10.5378924215157
hermetic metal silo,32.60639784946237,50.13252688172044,Hybrid,92,0.42570910509371096,10.014653669446082,10.982428115015978
hermetic metal silo,30.409815668202764,56.05299539170507,Hybrid,180,0.42570910509371096,10.014653669446082,10.019999999999992
hermetic metal silo,30.409815668202764,56.05299539170507,Hybrid,180,0.42570910509371096,10.014653669446082,10.015993602558964
hermetic metal silo,30.409815668202764,56.05299539170507,Hybrid,180,0.42570910509371096,10.014653669446082,11.19552179128349
plastic bottle,27.329166666666666,59.06155913978495,Hybrid,91,0.10000000000000002,3.2066666666666577,15.133785942492006
plastic bottle,27.329166666666666,59.06155913978495,Hybrid,91,0.10000000000000002,3.2066666666666577,9.39424230307877
plastic bottle,27.329166666666666,59.06155913978495,Hybrid,91,0.10000000000000002,3.2066666666666577,13.514594162335055
grainpro hermetic supergrainbag farm,27.329166666666666,59.06155913978495,Hybrid,91,0.10000000000000002,3.2066666666666577,9.304834198961249
grainpro hermetic supergrainbag farm,27.329166666666666,59.06155913978495,Hybrid,91,0.10000000000000002,3.2066666666666577,13.95441823270691
grainpro hermetic supergrainbag farm,27.329166666666666,59.06155913978495,Hybrid,91,0.10000000000000002,3.2066666666666577,13.019169329073495
polypropylene bag with standard lime,27.329166666666666,59.06155913978495,Hybrid,91,0.10000000000000002,3.2066666666666577,20.343725019984007
polypropylene bag with standard lime,27.329166666666666,59.06155913978495,Hybrid,91,0.10000000000000002,3.2066666666666577,38.53833865814697
polypropylene bag with standard lime,27.329166666666666,59.06155913978495,Hybrid,91,0.10000000000000002,3.2066666666666577,21.437125748503004
hermetic metal silo,27.329166666666666,59.06155913978495,Hybrid,91,0.10000000000000002,3.2066666666666577,26.200638213003586
hermetic metal silo,27.329166666666666,59.06155913978495,Hybrid,91,0.10000000000000002,3.2066666666666577,11.237999999999994
hermetic metal silo,27.329166666666666,59.06155913978495,Hybrid,91,0.10000000000000002,3.2066666666666577,15.315999999999994
plastic bottle,27.009447004608294,61.50460829493088,Hybrid,180,0.10000000000000002,3.2066666666666577,15.7
plastic bottle,27.009447004608294,61.50460829493088,Hybrid,180,0.10000000000000002,3.2066666666666577,12.35999999999999
plastic bottle,27.009447004608294,61.50460829493088,Hybrid,180,0.10000000000000002,3.2066666666666577,10.759999999999996
grainpro hermetic supergrainbag farm,27.009447004608294,61.50460829493088,Hybrid,180,0.10000000000000002,3.2066666666666577,11.960000000000012
grainpro hermetic supergrainbag farm,27.009447004608294,61.50460829493088,Hybrid,180,0.10000000000000002,3.2066666666666577,11.39088729016786
grainpro hermetic supergrainbag farm,27.009447004608294,61.50460829493088,Hybrid,180,0.10000000000000002,3.2066666666666577,8.311350919264589
polypropylene bag with standard lime,27.009447004608294,61.50460829493088,Hybrid,180,0.10000000000000002,3.2066666666666577,35.02
polypropylene bag with standard lime,27.009447004608294,61.50460829493088,Hybrid,180,0.10000000000000002,3.2066666666666577,31.980000000000004
polypropylene bag with standard lime,27.009447004608294,61.50460829493088,Hybrid,180,0.10000000000000002,3.2066666666666577,57.04
hermetic metal silo,27.009447004608294,61.50460829493088,Hybrid,180,0.10000000000000002,3.2066666666666577,11.960000000000012
hermetic metal silo,27.009447004608294,61.50460829493088,Hybrid,180,0.10000000000000002,3.2066666666666577,10.037999999999991
hermetic metal silo,27.009447004608294,61.50460829493088,Hybrid,180,0.10000000000000002,3.2066666666666577,14.31999999999999
polypropylene bag with aluminum phosphide,21.528091397849465,55.97849462365591,Native,91,0.05333333333333334,18.4,22.26437699680511
polypropylene bag with aluminum phosphide,21.528091397849465,55.97849462365591,Native,91,0.05333333333333334,18.4,21.81999999999999
polypropylene bag with aluminum phosphide,21.528091397849465,55.97849462365591,Native,91,0.05333333333333334,18.4,19.932162809257775
grainpro hermetic supergrainbag farm,21.528091397849465,55.97849462365591,Native,91,0.05333333333333334,18.4,20.203836930455648
hermetic metal silo,21.528091397849465,55.97849462365591,Native,91,0.05333333333333334,18.4,18.715083798882684
hermetic metal silo,21.528091397849465,55.97849462365591,Native,91,0.05333333333333334,18.4,22.672792648821417
polypropylene bag with aluminum phosphide,20.7263133640553,60.440092165898626,Native,180,0.05333333333333334,18.4,20.46771936837898
polypropylene bag with aluminum phosphide,20.7263133640553,60.440092165898626,Native,180,0.05333333333333334,18.4,19.372251099560167
polypropylene bag,33.86228878648233,44.513210445468516,Native,203,0.1729983217708063,13.508200570449814,78.0
polypropylene bag,33.86228878648233,44.513210445468516,Native,203,0.1729983217708063,13.508200570449814,71.6566866267465
polypropylene bag,33.86228878648233,44.513210445468516,Native,203,0.1729983217708063,13.508200570449814,67.4
polypropylene bag with micronized lime,33.86228878648233,44.513210445468516,Native,203,0.1729983217708063,13.508200570449814,34.0
polypropylene bag with micronized lime,33.86228878648233,44.513210445468516,Native,203,0.1729983217708063,13.508200570449814,15.200000000000003
polypropylene bag with micronized lime,33.86228878648233,44.513210445468516,Native,203,0.1729983217708063,13.508200570449814,42.8
polypropylene bag,19.57157894736842,43.1578947368421,Native,94,6.066666666666667,3.9999999999999956,6.599999999999994
polypropylene bag,19.74126984126984,43.111111111111114,Native,62,0.4000000000000001,1.5999999999999999,2.0
polypropylene bag,23.53030303030303,26.515151515151516,Hybrid,65,5.9708737864077674,5.9708737864077674,6.0
polypropylene bag with aluminum phosphide,31.472440944881885,14.094488188976378,Native,126,1.3333333333333333,1.3333333333333333,8.0
polypropylene bag with aluminum phosphide,32.192045454545465,11.034090909090908,Hybrid,87,5.666666666666667,5.666666666666666,6.099999999999994
polypropylene bag with aluminum phosphide,25.56311111111111,47.18666666666667,Native,224,0.0,0.6666666666666714,0.7000000000000028
grainpro hermetic supergrainbag premium rz with zip,24.4554794520548,44.3013698630137,Native,145,0.0,2.1333333333333258,4.640000000000001
polypropylene bag,24.4554794520548,44.3013698630137,Native,145,0.0,2.1333333333333258,8.319999999999993
hermetic metal silo,24.4554794520548,44.3013698630137,Native,145,0.0,2.1333333333333258,6.999999999999986
grainpro hermetic supergrainbag premium rz with zip,23.44805194805195,47.47402597402598,Native,153,3.9766666666666666,7.105427357601002e-15,2.6599999999999966
polypropylene bag,23.44805194805195,47.47402597402598,Native,153,3.9766666666666666,7.105427357601002e-15,4.920000000000002
hermetic metal silo,23.44805194805195,47.47402597402598,Native,153,3.9766666666666666,7.105427357601002e-15,3.0
grainpro hermetic supergrainbag premium rz with zip,23.631914893617033,48.0709219858156,Native,140,0.0,3.566666666666663,5.199999999999989
polypropylene bag,23.631914893617033,48.0709219858156,Native,140,0.0,3.566666666666663,6.320000000000007
hermetic metal silo,23.631914893617033,48.0709219858156,Native,140,0.0,3.566666666666663,5.469999999999999
grainpro hermetic supergrainbag premium rz with zip,24.427210884353745,44.136054421768705,Native,146,1.2666666666666666,4.733333333333333,5.759999999999991
polypropylene bag,24.427210884353745,44.136054421768705,Native,146,1.2666666666666666,4.733333333333333,7.639999999999986
hermetic metal silo,24.427210884353745,44.136054421768705,Native,146,1.2666666666666666,4.733333333333333,9.439999999999998
grainpro hermetic supergrainbag premium rz with zip,22.677655677655686,32.498168498168496,Native,272,0.5,4.366666666666674,11.780000000000015
polypropylene bag,22.677655677655686,32.498168498168496,Native,272,0.5,4.366666666666674,8.879999999999995
polypropylene bag,22.233695652173918,32.789855072463766,Native,275,0.39999999999999997,4.466666666666674,4.680000000000007
hermetic metal silo,22.233695652173918,32.789855072463766,Native,275,0.39999999999999997,4.466666666666674,5.640000000000001
grainpro hermetic supergrainbag premium rz with zip,25.86953642384106,51.42384105960265,Native,136,0.0,0.20000000000000284,5.6000000000000085
polypropylene bag with micronized lime,25.86953642384106,51.42384105960265,Native,136,0.0,0.20000000000000284,13.599999999999994
hermetic metal silo,25.86953642384106,51.42384105960265,Native,136,0.0,0.20000000000000284,7.3999999999999915
grainpro hermetic supergrainbag premium rz with zip,17.823762376237624,64.13861386138613,Native,100,1.0,3.0,4.0
grainpro hermetic supergrainbag premium rz with zip,26.638,23.805,Native,199,4.773092974538691,4.77309297453869,5.320000000000007
grainpro hermetic supergrainbag farm,31.734065934065942,26.98901098901099,Native,90,0.0,2.166233766233759,6.0
polypropylene bag with aluminum phosphide,31.734065934065942,26.98901098901099,Native,90,0.0,2.166233766233759,4.0
hermetic metal silo,31.734065934065942,26.98901098901099,Native,90,0.0,2.166233766233759,6.200000000000003
grainpro hermetic supergrainbag farm,31.734065934065942,26.98901098901099,Native,90,0.0,2.1130044843049376,6.200000000000003
grainpro hermetic supergrainbag premium rz with zip,27.329885057471266,26.666666666666668,Native,86,1.0158192090395481,1.6159322033898327,2.0
grainpro hermetic supergrainbag farm,27.330434782608698,30.159420289855074,Native,68,0.0,2.6666666666666714,6.926000000000002
grainpro hermetic supergrainbag farm,27.330434782608698,30.159420289855074,Native,68,0.0,2.6666666666666714,6.0
grainpro hermetic supergrainbag farm,27.330434782608698,30.159420289855074,Native,68,0.0,2.6666666666666714,11.599999999999994
polypropylene bag,26.79473684210526,35.37894736842105,Native,94,0.0,1.086666666666659,23.620000000000005
grainpro hermetic supergrainbag premium rz with zip,23.147560975609753,67.09756097560975,Native,92,0.08,0.4933333333333377,0.6399999999999864
silage plastic bag,23.147560975609753,67.09756097560975,Native,92,0.08,0.4933333333333377,5.780000000000001
grainpro hermetic supergrainbag farm,21.71683168316832,57.98019801980198,Hybrid,100,0.17307779800979342,2.682497103070694,5.198960207958393
polypropylene bag with aluminum phosphide,21.71683168316832,57.98019801980198,Hybrid,100,0.17307779800979342,2.682497103070694,5.198613703012526
hermetic metal silo,21.71683168316832,57.98019801980198,Hybrid,100,0.17307779800979342,2.682497103070694,5.132648980135983
grainpro hermetic supergrainbag premium rz with zip,25.976063829787243,48.026595744680854,Native,187,0.4000000000000001,1.8666666666666656,6.599999999999994
polypropylene bag,25.976063829787243,48.026595744680854,Native,187,0.4000000000000001,1.8666666666666656,100.0
hermetic metal silo,25.976063829787243,48.026595744680854,Native,187,0.4000000000000001,1.8666666666666656,2.0
polypropylene bag,26.621875000000006,25.8125,Native,122,0.026402640264026403,7.7887788778877765,21.293333333333337
polypropylene bag,28.717204301075267,66.24731182795699,Native,92,0.20000000000000004,4.533333333333348,94.8
polypropylene bag,28.596774193548388,67.01075268817205,Native,92,0.20000000000000004,8.266666666666655,35.99999999999999
hermetic metal silo,28.596774193548388,67.01075268817205,Native,92,0.20000000000000004,8.266666666666655,13.599999999999994
silage plastic bag,25.122950819672134,29.16393442622951,Native,121,0.2,1.8,28.726666666666674
polypropylene bag,25.122950819672134,29.16393442622951,Native,121,0.2,1.8,17.186666666666653
polypropylene bag with standard lime,25.122950819672134,29.16393442622951,Native,121,0.2,1.8,32.04666666666667
polypropylene bag with micronized lime,25.122950819672134,29.16393442622951,Native,121,0.2,1.8,34.03
polypropylene bag with aluminum phosphide,25.122950819672134,29.16393442622951,Native,121,0.2,1.8,4.11333333333333
polypropylene bag with aluminum phosphide,25.122950819672134,29.16393442622951,Native,121,0.2,1.8,2.166666666666657
grainpro hermetic supergrainbag farm,25.071428571428573,68.14285714285714,Native,90,0.4,12.379999999999987,18.0439121756487
polypropylene bag,25.071428571428573,68.14285714285714,Native,90,0.019992003198720514,11.275489804078365,31.268671579366668
polypropylene bag,25.071428571428573,68.14285714285714,Native,90,0.02,14.100000000000005,59.51619352259096
polypropylene bag with micronized lime,25.071428571428573,68.14285714285714,Native,90,0.02,14.100000000000005,21.71259842519686
polypropylene bag,24.37637362637363,60.37362637362637,Native,122,0.26666666666666666,1.6000000000000076,100.0
grainpro hermetic supergrainbag premium rz with zip,24.942500000000003,43.983333333333334,Native,119,0.18600660066006602,7.694257425742576,12.150279776179048
hermetic metal silo,24.942500000000003,43.983333333333334,Native,119,0.18600660066006602,7.694257425742576,11.955217912834868
plastic barrel,24.942500000000003,43.983333333333334,Native,119,0.18600660066006602,7.694257425742576,12.172696382170699
polypropylene bag,25.388172043010766,71.66666666666667,Native,92,0.35333333333333333,1.7600000000000107,4.413333333333341
polypropylene bag with deodorized malathion,25.388172043010766,71.66666666666667,Native,92,0.35333333333333333,1.7600000000000107,5.233333333333334
silage plastic bag,26.019354838709674,64.54838709677419,Native,92,0.02666666666666667,1.2333333333333243,6.059999999999988
polypropylene bag,26.019354838709674,64.54838709677419,Native,92,0.02666666666666667,1.2333333333333243,7.633333333333326
polypropylene bag with aluminum phosphide,26.019354838709674,64.54838709677419,Native,92,0.02666666666666667,1.2333333333333243,6.046666666666667
polypropylene bag,28.332258064516125,63.96774193548387,Native,92,0.35333333333333333,1.4133333333333324,5.273333333333326
polypropylene bag with standard lime,25.449818181818188,52.07636363636364,Hybrid,274,0.13333333333333333,4.933333333333343,15.079999999999998
polypropylene bag,26.641960784313728,63.46666666666667,Native,254,0.07333333333333333,4.7000000000000215,77.4
polypropylene bag,25.635099337748343,55.390728476821195,Native,150,0.06666666666666667,0.1333333333333362,13.599999999999994
polypropylene bag,22.416279069767448,57.5,Hybrid,257,0.0,1.7333333333333485,25.0
polypropylene bag,22.416279069767448,57.5,Hybrid,257,0.0,0.46666666666665435,10.799999999999997
polypropylene bag,22.640540540540538,46.189189189189186,Hybrid,36,0.0,0.246,2.74
hermetic metal silo,22.640540540540538,46.189189189189186,Hybrid,36,0.0,0.246,0.28999999999999204
grainpro hermetic supergrainbag premium rz with zip,21.252760736196322,65.8159509202454,Hybrid,162,0.20000000000000004,5.199999999999991,10.4
grainpro hermetic supergrainbag farm,30.381249999999994,20.089285714285715,Native,111,0.0,2.6666666666666714,2.799999999999997
silage plastic bag,30.381249999999994,20.089285714285715,Native,111,0.0,2.6666666666666714,4.800000000000011
hermetic metal silo,30.381249999999994,20.089285714285715,Native,111,0.0,2.6666666666666714,3.0
polypropylene bag,22.67129629629629,48.5462962962963,Native,107,0.15333333333333332,7.246666666666687,9.299999999999997
grainpro hermetic supergrainbag premium rz with zip,24.9770642201835,15.963302752293577,Native,108,0.26666666666666666,4.299999999999996,5.500000000000014
polypropylene bag,24.9770642201835,15.963302752293577,Native,108,0.26666666666666666,4.299999999999996,16.260000000000005
polypropylene bag,23.130493273542616,39.90134529147982,Native,227,0.3333333333333333,4.4000000000000155,85.4
grainpro hermetic supergrainbag premium rz with zip,24.90537190082646,36.88429752066116,Native,241,0.14666666666666664,3.520000000000005,37.540000000000006
polypropylene bag with aluminum phosphide,24.90537190082646,36.88429752066116,Native,241,0.14666666666666664,3.520000000000005,42.6
hermetic metal silo,24.90537190082646,36.88429752066116,Native,241,0.14666666666666664,3.520000000000005,34.980000000000004
grainpro hermetic supergrainbag premium rz with zip,23.646543778801846,39.75115207373272,Native,216,0.13333333333333333,0.19999999999999526,0.20000000000000284
polypropylene bag,23.646543778801846,39.75115207373272,Native,216,0.13333333333333333,0.19999999999999526,8.0
polypropylene bag,23.07887323943663,41.23474178403756,Hybrid,212,0.0,2.8666666666666742,53.8
polypropylene bag,23.56791443850266,43.31550802139037,Native,186,0.06666666666666667,4.866666666666671,9.800000000000011
grainpro hermetic supergrainbag premium rz with zip,25.80732984293195,34.67015706806283,Native,190,0.7333333333333334,3.5333333333333323,6.599999999999994
polypropylene bag with aluminum phosphide,25.80732984293195,34.67015706806283,Native,190,0.7333333333333334,3.5333333333333323,6.599999999999994
hermetic metal silo,25.80732984293195,34.67015706806283,Native,190,0.7333333333333334,3.5333333333333323,4.400000000000006
grainpro hermetic supergrainbag premium rz with zip,19.9264,55.968,Native,124,8.266666666666667,8.333333333333329,9.0
polypropylene bag,19.9264,55.968,Native,124,8.266666666666667,8.333333333333329,12.0
polypropylene bag with aluminum phosphide,19.9264,55.968,Native,124,8.266666666666667,8.333333333333329,8.799999999999997
grainpro hermetic supergrainbag farm,29.86190476190475,62.46031746031746,Hybrid,125,0.034,5.092666666666665,19.919999999999987
polypropylene bag,29.86190476190475,62.46031746031746,Hybrid,125,0.034,5.092666666666665,86.64
hermetic metal silo,31.85714285714286,59.21904761904762,Hybrid,104,0.6933333333333334,23.466666666666676,28.60000000000001
grainpro hermetic supergrainbag farm,31.64895833333333,49.760416666666664,Hybrid,95,0.6644082353221844,1.6618820791352253,5.400000000000006
hermetic metal silo,31.64895833333333,49.760416666666664,Hybrid,95,0.6644082353221844,1.6618820791352253,6.3999999999999915
polypropylene bag,27.459821428571438,25.285714285714285,Hybrid,111,0.13333333333333333,9.266666666666659,13.399999999999991
polypropylene bag,27.459821428571438,25.285714285714285,Hybrid,111,1.0,5.13333333333334,11.600000000000009
grainpro hermetic supergrainbag farm,30.91208791208791,19.89010989010989,Native,90,0.9333333333333332,11.466666666666658,11.599999999999994
polypropylene bag with aluminum phosphide,24.950264550264556,32.91534391534392,Native,188,1.0000000000000002,12.066666666666666,24.0
polypropylene bag,24.70531914893616,40.93617021276596,Native,93,0.4000000000000001,14.866666666666665,32.19999999999999
polypropylene bag,30.370646766169145,41.2636815920398,Native,200,0.26666666666666666,6.999999999999999,90.0
polypropylene bag,25.685606060606062,57.166666666666664,Native,131,0.0,2.668477920799617,98.81422924901186
polypropylene bag,20.952713178294573,65.79069767441861,Hybrid,128,0.0,2.7333333333333485,6.0
hermetic metal silo,26.482795698924743,57.806451612903224,Native,92,0.019994801351648574,6.004438845900063,8.383233532934128
grainpro hermetic supergrainbag premium rz with zip,27.260824742268035,60.20618556701031,Hybrid,96,0.14,1.3266666666666542,3.019999999999996
polypropylene bag,30.9391304347826,51.641304347826086,Native,91,0.20000000000000004,1.0000000000000029,41.6
hermetic metal silo,30.9391304347826,51.641304347826086,Native,91,0.20000000000000004,1.0000000000000029,1.3999999999999915
polypropylene bag,30.192553191489353,56.148936170212764,Native,93,0.16666666666666666,3.0666666666666678,37.8
grainpro hermetic supergrainbag premium rz with zip,23.369834710743802,62.97107438016529,Native,241,0.01998268504456181,13.175924336573408,17.773156294992802
polypropylene bag with micronized lime,23.369834710743802,62.97107438016529,Native,241,0.01998268504456181,13.175924336573408,27.58689572512985
hermetic metal silo,23.369834710743802,62.97107438016529,Native,241,0.01998268504456181,13.175924336573408,15.99680063987202
grainpro hermetic supergrainbag farm,24.691150442477877,37.876106194690266,Native,112,0.10000000000000002,3.6333333333333484,25.102880658436206
polypropylene bag with aluminum phosphide,24.691150442477877,37.876106194690266,Native,112,0.10000000000000002,3.6333333333333484,22.73269689737471
hermetic metal silo,24.691150442477877,37.876106194690266,Native,112,0.10000000000000002,3.6333333333333484,10.82463679148762
grainpro hermetic supergrainbag premium rz with zip,20.361224489795937,45.43877551020408,Native,195,0.3765873523936299,5.980838204861028,9.17816436712657
polypropylene bag,20.361224489795937,45.43877551020408,Native,195,0.3765873523936299,5.980838204861028,7.696921231507389
grainpro hermetic supergrainbag premium rz with zip,23.159340659340664,28.626373626373628,Hybrid,90,1.1313452617627568,9.975347912524857,10.800000000000011
hermetic metal silo,23.159340659340664,28.626373626373628,Hybrid,90,1.1313452617627568,9.975347912524857,11.0
grainpro hermetic supergrainbag premium rz with zip,31.78322580645161,36.74193548387097,Native,154,1.7960666666666667,7.08146666666668,7.090000000000003
polypropylene bag,31.78322580645161,36.74193548387097,Native,154,1.7960666666666667,7.08146666666668,82.296
hermetic metal silo,31.78322580645161,36.74193548387097,Native,154,1.7960666666666667,7.08146666666668,8.799999999999997
grainpro hermetic supergrainbag premium rz with zip,24.467532467532468,29.467532467532468,Native,153,1.2,4.0666666666666655,4.200000000000003
hermetic metal silo,24.467532467532468,29.467532467532468,Native,153,1.2,4.0666666666666655,4.400000000000006
grainpro hermetic supergrainbag premium rz with zip,25.32554744525548,31.423357664233578,Native,136,0.15332666799973338,13.759104179164156,19.272291083566586
grainpro hermetic supergrainbag premium rz with zip,25.32554744525548,31.423357664233578,Native,136,0.01999600133285352,12.517455508764971,16.980000000000004
hermetic metal silo,25.32554744525548,31.423357664233578,Native,136,0.15332666799973338,13.759104179164156,18.86
grainpro hermetic supergrainbag premium rz with zip,18.0928,64.012,Native,249,0.7999999999999999,9.400000000000002,12.212672396562056
polypropylene bag,18.0928,64.012,Native,249,0.7999999999999999,9.400000000000002,91.78164367126574
polypropylene bag with micronized lime,18.0928,64.012,Native,249,0.7999999999999999,9.400000000000002,10.199999999999989
hermetic metal silo,18.0928,64.012,Native,249,0.7999999999999999,9.400000000000002,10.280000000000001
hermetic metal silo,18.0928,64.012,Native,249,0.7999999999999999,9.400000000000002,11.239999999999995
polypropylene bag,32.67659574468085,41.09929078014184,Native,140,0.8666666666666667,3.8000000000000047,86.0
hermetic metal silo,32.67659574468085,41.09929078014184,Native,140,0.8666666666666667,3.8000000000000047,14.0
polypropylene bag,31.42948717948718,42.55128205128205,Native,77,0.1650886699762403,0.29948312142855327,0.92
polypropylene bag with micronized lime,31.42948717948718,42.55128205128205,Native,77,0.1650886699762403,0.29948312142855327,2.6772247360482595
hermetic metal silo,31.42948717948718,42.55128205128205,Native,77,0.1650886699762403,0.29948312142855327,1.716417910447774
polypropylene bag,32.516000000000005,38.25333333333333,Native,74,0.00593399870507257,0.85550665006433,4.800244598450888
polypropylene bag with micronized lime,32.516000000000005,38.25333333333333,Native,74,0.00593399870507257,0.85550665006433,13.807392996108945
hermetic metal silo,32.516000000000005,38.25333333333333,Native,74,0.00593399870507257,0.85550665006433,0.917
polypropylene bag,30.579090909090908,44.08181818181818,Native,109,0.05599657486894801,3.410989743659536,51.798010711553175
polypropylene bag with micronized lime,30.579090909090908,44.08181818181818,Native,109,0.05599657486894801,3.410989743659536,26.85827552031715
hermetic metal silo,30.579090909090908,44.08181818181818,Native,109,0.05599657486894801,3.410989743659536,7.166392092257002
grainpro hermetic supergrainbag farm,32.83040540540541,37.74324324324324,Native,147,0.0,0.7883788464005193,5.0485436893203826
polypropylene bag,32.83040540540541,37.74324324324324,Native,147,0.0,0.7883788464005193,87.95180722891567
polypropylene bag with standard lime,32.83040540540541,37.74324324324324,Native,147,0.0,0.7883788464005193,13.228238519533932
hermetic metal silo,32.83040540540541,37.74324324324324,Native,147,0.0,0.7883788464005193,13.878326996197714
grainpro hermetic supergrainbag farm,32.919801980198024,25.603960396039604,Hybrid,100,1.9366666666666665,3.2966666666666677,5.110000000000014
grainpro hermetic supergrainbag farm,32.919801980198024,25.603960396039604,Hybrid,100,1.9366666666666665,3.2966666666666677,4.310000000000002
grainpro hermetic supergrainbag farm,32.919801980198024,25.603960396039604,Hybrid,100,1.9366666666666665,3.2966666666666677,6.6200000000000045
polypropylene bag,32.919801980198024,25.603960396039604,Hybrid,100,1.9366666666666665,3.2966666666666677,6.010000000000005
polypropylene bag,32.919801980198024,25.603960396039604,Hybrid,100,1.9366666666666665,3.2966666666666677,3.819999999999993
polypropylene bag with micronized lime,32.919801980198024,25.603960396039604,Hybrid,100,1.9366666666666665,3.2966666666666677,5.150000000000006
polypropylene bag with deodorized malathion,32.919801980198024,25.603960396039604,Hybrid,102,1.9366666666666665,3.2966666666666677,4.429999999999993
hermetic metal silo,32.919801980198024,25.603960396039604,Hybrid,100,1.9366666666666665,3.2966666666666677,3.6199999999999903
hermetic metal silo,32.919801980198024,25.603960396039604,Hybrid,100,1.9366666666666665,3.2966666666666677,3.8799999999999955
hermetic metal silo,32.919801980198024,25.603960396039604,Hybrid,100,1.9366666666666665,3.2966666666666677,5.249999999999986
grainpro hermetic supergrainbag farm,28.788111888111892,52.89510489510489,Hybrid,142,1.2333333333333334,3.1599999999999975,3.701485273610416
grainpro hermetic supergrainbag farm,28.788111888111892,52.89510489510489,Hybrid,142,1.2333333333333334,3.1599999999999975,6.174522609825075
grainpro hermetic supergrainbag farm,28.788111888111892,52.89510489510489,Hybrid,142,1.2333333333333334,3.1599999999999975,6.70851968110226
grainpro hermetic supergrainbag premium rz with zip,28.788111888111892,52.89510489510489,Hybrid,142,1.2333333333333334,3.1599999999999975,3.9025793460542815
grainpro hermetic supergrainbag premium rz with zip,28.788111888111892,52.89510489510489,Hybrid,142,1.2333333333333334,3.1599999999999975,3.8962070300479326
grainpro hermetic supergrainbag premium rz with zip,28.788111888111892,52.89510489510489,Hybrid,142,1.2333333333333334,3.1599999999999975,3.678989016180452
silage plastic bag,28.788111888111892,52.89510489510489,Hybrid,142,1.2333333333333334,3.1599999999999975,9.380983345977384
silage plastic bag,28.788111888111892,52.89510489510489,Hybrid,142,1.2333333333333334,3.1599999999999975,9.074433419983151
silage plastic bag,28.788111888111892,52.89510489510489,Hybrid,142,1.2333333333333334,3.1599999999999975,11.291870319716608
polypropylene bag with micronized lime,28.788111888111892,52.89510489510489,Hybrid,142,1.2333333333333334,3.1599999999999975,20.525446718169476
polypropylene bag with micronized lime,28.788111888111892,52.89510489510489,Hybrid,142,1.2333333333333334,3.1599999999999975,14.414127120164238
polypropylene bag with micronized lime,28.788111888111892,52.89510489510489,Hybrid,142,1.2333333333333334,3.1599999999999975,9.353627396985928
polypropylene bag with aluminum phosphide,28.788111888111892,52.89510489510489,Hybrid,142,1.2333333333333334,3.1599999999999975,55.2848575712144
polypropylene bag with aluminum phosphide,28.788111888111892,52.89510489510489,Hybrid,142,1.2333333333333334,3.1599999999999975,45.362579453991216
polypropylene bag with aluminum phosphide,28.788111888111892,52.89510489510489,Hybrid,142,1.2333333333333334,3.1599999999999975,42.193600632417166
hermetic metal silo,28.788111888111892,52.89510489510489,Hybrid,142,1.2333333333333334,3.1599999999999975,8.836901634151346
hermetic metal silo,28.788111888111892,52.89510489510489,Hybrid,142,1.2333333333333334,3.1599999999999975,5.743262120732368
hermetic metal silo,28.788111888111892,52.89510489510489,Hybrid,142,1.2333333333333334,3.1599999999999975,4.241095047085864
grainpro hermetic supergrainbag farm,27.33695652173913,17.141304347826086,Native,91,1.3333333333333333,3.23333333333333,3.3296670332966727
grainpro hermetic supergrainbag farm,27.966666666666665,16.791666666666668,Native,119,1.3333333333333333,3.23333333333333,5.798840231953605
grainpro hermetic supergrainbag farm,27.966666666666665,16.791666666666668,Native,119,1.3333333333333333,3.23333333333333,5.468359492152345
polypropylene bag with aluminum phosphide,27.33695652173913,17.141304347826086,Native,91,1.3333333333333333,3.23333333333333,4.60815673730508
polypropylene bag with aluminum phosphide,27.966666666666665,16.791666666666668,Native,119,1.3333333333333333,3.23333333333333,5.489999999999995
polypropylene bag with aluminum phosphide,27.966666666666665,16.791666666666668,Native,119,1.3333333333333333,3.23333333333333,5.549445055494459
hermetic metal silo,27.966666666666665,16.791666666666668,Native,119,1.3333333333333333,3.23333333333333,4.7947258016182275
hermetic metal silo,27.966666666666665,16.791666666666668,Native,119,1.3333333333333333,3.23333333333333,5.033959248901311
polypropylene bag,36.21546391752578,28.567010309278352,Native,96,0.2883379214308636,4.35657523292237,10.490797546012274
polypropylene bag,36.21546391752578,28.567010309278352,Native,96,0.2883379214308636,4.35657523292237,10.129096325719956
polypropylene bag,36.21546391752578,28.567010309278352,Native,96,0.2883379214308636,4.35657523292237,14.892428052528643
polypropylene bag with micronized lime,36.21546391752578,28.567010309278352,Native,96,0.2883379214308636,4.35657523292237,4.982733103108046
polypropylene bag with micronized lime,36.21546391752578,28.567010309278352,Native,96,0.2883379214308636,4.35657523292237,4.705344906349936
grainpro hermetic supergrainbag farm,26.810439560439566,45.247252747252745,Hybrid,181,0.3866666666666667,4.986666666666668,6.789875451988763
grainpro hermetic supergrainbag farm,26.810439560439566,45.247252747252745,Hybrid,181,0.3866666666666667,4.986666666666668,12.224448897795597
grainpro hermetic supergrainbag farm,26.810439560439566,45.247252747252745,Hybrid,181,0.3866666666666667,4.986666666666668,6.048387096774192
grainpro hermetic supergrainbag premium rz with zip,26.810439560439566,45.247252747252745,Hybrid,181,0.3866666666666667,4.986666666666668,9.347300564061243
grainpro hermetic supergrainbag premium rz with zip,26.810439560439566,45.247252747252745,Hybrid,181,0.3866666666666667,4.986666666666668,8.906882591093108
grainpro hermetic supergrainbag premium rz with zip,26.810439560439566,45.247252747252745,Hybrid,181,0.3866666666666667,4.986666666666668,11.799999999999997
silage plastic bag,26.810439560439566,45.247252747252745,Hybrid,181,0.3866666666666667,4.986666666666668,12.871690427698567
silage plastic bag,26.810439560439566,45.247252747252745,Hybrid,181,0.3866666666666667,4.986666666666668,18.908941755537327
silage plastic bag,26.810439560439566,45.247252747252745,Hybrid,181,0.3866666666666667,4.986666666666668,12.083921726850917
polypropylene bag with micronized lime,26.810439560439566,45.247252747252745,Hybrid,181,0.3866666666666667,4.986666666666668,6.639839034205224
polypropylene bag with micronized lime,26.810439560439566,45.247252747252745,Hybrid,181,0.3866666666666667,4.986666666666668,6.02409638554218
polypropylene bag with aluminum phosphide,26.810439560439566,45.247252747252745,Hybrid,181,0.3866666666666667,4.986666666666668,7.768924302788847
polypropylene bag with aluminum phosphide,26.810439560439566,45.247252747252745,Hybrid,181,0.3866666666666667,4.986666666666668,8.926036902696737
polypropylene bag with aluminum phosphide,26.810439560439566,45.247252747252745,Hybrid,181,0.3866666666666667,4.986666666666668,13.982796559311865
hermetic metal silo,26.810439560439566,45.247252747252745,Hybrid,181,0.3866666666666667,4.986666666666668,19.244135534317977
hermetic metal silo,26.810439560439566,45.247252747252745,Hybrid,181,0.3866666666666667,4.986666666666668,14.0485312899106
hermetic metal silo,26.810439560439566,45.247252747252745,Hybrid,181,0.3866666666666667,4.986666666666668,9.617706237424557
grainpro hermetic supergrainbag farm,32.56868131868132,29.967032967032967,Hybrid,181,0.07333333333333333,3.1933333333333325,9.059999999999988
grainpro hermetic supergrainbag farm,32.56868131868132,29.967032967032967,Hybrid,181,0.07333333333333333,3.1933333333333325,8.399999999999991
grainpro hermetic supergrainbag farm,32.56868131868132,29.967032967032967,Hybrid,181,0.07333333333333333,3.1933333333333325,7.540000000000006
grainpro hermetic supergrainbag premium rz with zip,32.56868131868132,29.967032967032967,Hybrid,181,0.07333333333333333,3.1933333333333325,4.852941176470594
grainpro hermetic supergrainbag premium rz with zip,32.56868131868132,29.967032967032967,Hybrid,181,0.07333333333333333,3.1933333333333325,8.924949290060852
grainpro hermetic supergrainbag premium rz with zip,32.56868131868132,29.967032967032967,Hybrid,181,0.07333333333333333,3.1933333333333325,3.2719836400817996
polypropylene bag,32.56868131868132,29.967032967032967,Hybrid,181,0.07333333333333333,3.1933333333333325,40.800000000000004
polypropylene bag,32.56868131868132,29.967032967032967,Hybrid,181,0.07333333333333333,3.1933333333333325,41.599999999999994
polypropylene bag,32.56868131868132,29.967032967032967,Hybrid,181,0.07333333333333333,3.1933333333333325,51.78
polypropylene bag with micronized lime,32.56868131868132,29.967032967032967,Hybrid,181,0.07333333333333333,3.1933333333333325,4.203899268887071
polypropylene bag with micronized lime,32.56868131868132,29.967032967032967,Hybrid,181,0.07333333333333333,3.1933333333333325,7.263479145473042
polypropylene bag with micronized lime,32.56868131868132,29.967032967032967,Hybrid,181,0.07333333333333333,3.1933333333333325,4.617899468737235
polypropylene bag with deodorized malathion,32.56868131868132,29.967032967032967,Hybrid,181,0.07333333333333333,3.1933333333333325,5.883534136546189
polypropylene bag with deodorized malathion,32.56868131868132,29.967032967032967,Hybrid,181,0.07333333333333333,3.1933333333333325,4.1471843870705385
polypropylene bag with deodorized malathion,32.56868131868132,29.967032967032967,Hybrid,181,0.07333333333333333,3.1933333333333325,4.9428104575163445
hermetic metal silo,32.56868131868132,29.967032967032967,Hybrid,181,0.07333333333333333,3.1933333333333325,4.930000000000007
hermetic metal silo,32.56868131868132,29.967032967032967,Hybrid,181,0.07333333333333333,3.1933333333333325,5.5800000000000125
plastic barrel,32.56868131868132,29.967032967032967,Hybrid,181,0.07333333333333333,3.1933333333333325,9.739999999999995
plastic barrel,32.56868131868132,29.967032967032967,Hybrid,181,0.07333333333333333,3.1933333333333325,6.539999999999992
plastic barrel,32.56868131868132,29.967032967032967,Hybrid,181,0.07333333333333333,3.1933333333333325,6.339999999999989
grainpro hermetic supergrainbag premium rz with zip,22.441599999999987,52.564,Native,249,0.08637867285943283,14.066574046059038,16.64
grainpro hermetic supergrainbag premium rz with zip,22.441599999999987,52.564,Native,249,0.08637867285943283,14.066574046059038,17.752898840463814
grainpro hermetic supergrainbag premium rz with zip,22.441599999999987,52.564,Native,249,0.08637867285943283,14.066574046059038,15.813674530187924
polypropylene bag with micronized lime,22.441599999999987,52.564,Native,249,0.08637867285943283,14.066574046059038,16.15676864627075
polypropylene bag with deodorized malathion,22.441599999999987,52.564,Native,249,0.08637867285943283,14.066574046059038,22.506496102338602
polypropylene bag with deodorized malathion,22.441599999999987,52.564,Native,249,0.08637867285943283,14.066574046059038,23.226064361383166
polypropylene bag with deodorized malathion,22.441599999999987,52.564,Native,249,0.08637867285943283,14.066574046059038,15.536892621475715
hermetic metal silo,22.441599999999987,52.564,Native,249,0.08637867285943283,14.066574046059038,19.576084783043385
hermetic metal silo,22.441599999999987,52.564,Native,249,0.08637867285943283,14.066574046059038,20.195960807838432
hermetic metal silo,22.441599999999987,52.564,Native,249,0.08637867285943283,14.066574046059038,15.996800639872035
grainpro hermetic supergrainbag farm,29.47252747252747,22.021978021978022,Native,90,0.06666666666666667,10.626666666666676,18.372184907151322
grainpro hermetic supergrainbag farm,29.47252747252747,22.021978021978022,Native,90,0.06666666666666667,10.626666666666676,19.295971280414832
grainpro hermetic supergrainbag farm,29.47252747252747,22.021978021978022,Native,90,0.06666666666666667,10.626666666666676,16.561014263074497
grainpro hermetic supergrainbag farm,28.16022099447514,27.320441988950275,Native,180,0.06666666666666667,10.626666666666676,23.7020766773163
grainpro hermetic supergrainbag farm,28.16022099447514,27.320441988950275,Native,180,0.06666666666666667,10.626666666666676,23.77276326207442
grainpro hermetic supergrainbag farm,28.16022099447514,27.320441988950275,Native,180,0.06666666666666667,10.626666666666676,19.004796163069557
polypropylene bag with standard lime,29.47252747252747,22.021978021978022,Native,90,0.06666666666666667,10.626666666666676,16.493610223642165
polypropylene bag with standard lime,29.47252747252747,22.021978021978022,Native,90,0.06666666666666667,10.626666666666676,15.045653036919418
polypropylene bag with standard lime,29.47252747252747,22.021978021978022,Native,90,0.06666666666666667,10.626666666666676,17.241379310344826
polypropylene bag with standard lime,28.16022099447514,27.320441988950275,Native,180,0.06666666666666667,10.626666666666676,18.031150159744413
polypropylene bag with standard lime,28.16022099447514,27.320441988950275,Native,180,0.06666666666666667,10.626666666666676,26.81854516386889
polypropylene bag with standard lime,28.16022099447514,27.320441988950275,Native,180,0.06666666666666667,10.626666666666676,17.86996410051856
polypropylene bag with aluminum phosphide,29.47252747252747,22.021978021978022,Native,90,0.06666666666666667,10.626666666666676,18.049504950495034
polypropylene bag with aluminum phosphide,29.47252747252747,22.021978021978022,Native,90,0.06666666666666667,10.626666666666676,16.66666666666667
polypropylene bag with aluminum phosphide,29.47252747252747,22.021978021978022,Native,90,0.06666666666666667,10.626666666666676,18.555073035925773
polypropylene bag with aluminum phosphide,28.16022099447514,27.320441988950275,Native,180,0.06666666666666667,10.626666666666676,23.08306709265176
polypropylene bag with aluminum phosphide,28.16022099447514,27.320441988950275,Native,180,0.06666666666666667,10.626666666666676,22.921662669864105
polypropylene bag with aluminum phosphide,28.16022099447514,27.320441988950275,Native,180,0.06666666666666667,10.626666666666676,13.968824940047966
hermetic metal silo,29.47252747252747,22.021978021978022,Native,90,0.06666666666666667,10.626666666666676,16.49680255795363
hermetic metal silo,29.47252747252747,22.021978021978022,Native,90,0.06666666666666667,10.626666666666676,16.979624450659216
hermetic metal silo,29.47252747252747,22.021978021978022,Native,90,0.06666666666666667,10.626666666666676,16.426858513189444
hermetic metal silo,28.16022099447514,27.320441988950275,Native,180,0.06666666666666667,10.626666666666676,24.100719424460422
hermetic metal silo,28.16022099447514,27.320441988950275,Native,180,0.06666666666666667,10.626666666666676,25.65947242206235
hermetic metal silo,28.16022099447514,27.320441988950275,Native,180,0.06666666666666667,10.626666666666676,26.17811501597444
grainpro hermetic supergrainbag premium rz with zip,21.466343042071205,36.31715210355987,Native,308,0.39999999999999997,2.2666666666666715,4.400000000000006
grainpro hermetic supergrainbag premium rz with zip,21.466343042071205,36.31715210355987,Native,308,0.39999999999999997,2.2666666666666715,3.0
grainpro hermetic supergrainbag premium rz with zip,21.466343042071205,36.31715210355987,Native,308,0.39999999999999997,2.2666666666666715,2.799999999999997
polypropylene bag,21.466343042071205,36.31715210355987,Native,308,0.39999999999999997,2.2666666666666715,32.39999999999999
polypropylene bag,21.466343042071205,36.31715210355987,Native,308,0.39999999999999997,2.2666666666666715,27.400000000000006
polypropylene bag,21.466343042071205,36.31715210355987,Native,308,0.39999999999999997,2.2666666666666715,37.199999999999996
polypropylene bag,21.466343042071205,36.31715210355987,Native,308,0.39999999999999997,2.2666666666666715,98.6
polypropylene bag,21.466343042071205,36.31715210355987,Native,308,0.39999999999999997,2.2666666666666715,99.8
polypropylene bag,21.466343042071205,36.31715210355987,Native,308,0.39999999999999997,2.2666666666666715,99.8
hermetic metal silo,21.466343042071205,36.31715210355987,Native,308,0.39999999999999997,2.2666666666666715,3.200000000000003
plastic barrel,21.466343042071205,36.31715210355987,Native,308,0.39999999999999997,2.2666666666666715,2.5999999999999943
plastic barrel,21.466343042071205,36.31715210355987,Native,308,0.39999999999999997,2.2666666666666715,3.799999999999997
grainpro hermetic supergrainbag farm,33.6920792079208,47.64356435643565,Native,201,0.37315209807364025,10.461022092628426,12.399999999999991
grainpro hermetic supergrainbag farm,33.6920792079208,47.64356435643565,Native,201,0.37315209807364025,10.461022092628426,11.0
silage plastic bag,33.6920792079208,47.64356435643565,Native,201,0.37315209807364025,10.461022092628426,14.000000000000014
silage plastic bag,33.6920792079208,47.64356435643565,Native,201,0.37315209807364025,10.461022092628426,11.600000000000009
silage plastic bag,33.6920792079208,47.64356435643565,Native,201,0.37315209807364025,10.461022092628426,10.800000000000011
polypropylene bag,33.6920792079208,47.64356435643565,Native,201,0.37315209807364025,10.461022092628426,35.6
polypropylene bag,33.6920792079208,47.64356435643565,Native,201,0.37315209807364025,10.461022092628426,24.400000000000006
polypropylene bag,33.6920792079208,47.64356435643565,Native,201,0.37315209807364025,10.461022092628426,23.200000000000003
polypropylene bag with micronized lime,33.6920792079208,47.64356435643565,Native,201,0.37315209807364025,10.461022092628426,12.200000000000003
polypropylene bag with micronized lime,33.6920792079208,47.64356435643565,Native,201,0.37315209807364025,10.461022092628426,14.600000000000009
polypropylene bag with micronized lime,33.6920792079208,47.64356435643565,Native,201,0.37315209807364025,10.461022092628426,16.0
hermetic metal silo,33.6920792079208,47.64356435643565,Native,201,0.37315209807364025,10.461022092628426,12.0
hermetic metal silo,33.6920792079208,47.64356435643565,Native,201,0.37315209807364025,10.461022092628426,11.599999999999994
